rho_g,vx_g,vy_g,vz_g,ax_g,ay_g,az_g,z,zmin
0.000303444,0,0.000151722,0,-0.000303444,0,0,-4.025,-4.03
0.000315891,0,0.000157946,0,-0.000315891,0,0,-4.015,-4.02
0.000328816,0,0.000164408,0,-0.000328816,0,0,-4.005,-4.01
0.000342235,0,0.000171118,0,-0.000342235,0,0,-3.995,-4
0.000356166,0,0.000178083,0,-0.000356166,0,0,-3.985,-3.99
0.000370628,0,0.000185314,0,-0.000370628,0,0,-3.975,-3.98
0.000385638,0,0.000192819,0,-0.000385638,0,0,-3.965,-3.97
0.000401215,0,0.000200608,0,-0.000401215,0,0,-3.955,-3.96
0.00041738,0,0.00020869,0,-0.00041738,0,0,-3.945,-3.95
0.000434153,0,0.000217077,0,-0.000434153,0,0,-3.935,-3.94
0.000451555,0,0.000225778,0,-0.000451555,0,0,-3.925,-3.93
0.000469608,0,0.000234804,0,-0.000469608,0,0,-3.915,-3.92
0.000488333,0,0.000244167,0,-0.000488333,0,0,-3.905,-3.91
0.000507754,0,0.000253877,0,-0.000507754,0,0,-3.895,-3.9
0.000527895,0,0.000263948,0,-0.000527895,0,0,-3.885,-3.89
0.00054878,0,0.00027439,0,-0.00054878,0,0,-3.875,-3.88
0.000570434,0,0.000285217,0,-0.000570434,0,0,-3.865,-3.87
0.000592884,0,0.000296442,0,-0.000592884,0,0,-3.855,-3.86
0.000616155,0,0.000308077,0,-0.000616155,0,0,-3.845,-3.85
0.000640275,0,0.000320138,0,-0.000640275,0,0,-3.835,-3.84
0.000665273,0,0.000332637,0,-0.000665273,0,0,-3.825,-3.83
0.000691178,0,0.000345589,0,-0.000691178,0,0,-3.815,-3.82
0.00071802,0,0.00035901,0,-0.00071802,0,0,-3.805,-3.81
0.00074583,0,0.000372915,0,-0.00074583,0,0,-3.795,-3.8
0.00077464,0,0.00038732,0,-0.00077464,0,0,-3.785,-3.79
0.000804482,0,0.000402241,0,-0.000804482,0,0,-3.775,-3.78
0.000835389,0,0.000417695,0,-0.000835389,0,0,-3.765,-3.77
0.000867398,0,0.000433699,0,-0.000867398,0,0,-3.755,-3.76
0.000900543,0,0.000450272,0,-0.000900543,0,0,-3.745,-3.75
0.000934861,0,0.000467431,0,-0.000934861,0,0,-3.735,-3.74
0.00097039,0,0.000485195,0,-0.00097039,0,0,-3.725,-3.73
0.001007168,0,0.000503584,0,-0.001007168,0,0,-3.715,-3.72
0.001045236,0,0.000522618,0,-0.001045236,0,0,-3.705,-3.71
0.001084634,0,0.000542317,0,-0.001084634,0,0,-3.695,-3.7
0.001125405,0,0.000562702,0,-0.001125405,0,0,-3.685,-3.69
0.001167591,0,0.000583796,0,-0.001167591,0,0,-3.675,-3.68
0.001211238,0,0.000605619,0,-0.001211238,0,0,-3.665,-3.67
0.00125639,0,0.000628195,0,-0.00125639,0,0,-3.655,-3.66
0.001303096,0,0.000651548,0,-0.001303096,0,0,-3.645,-3.65
0.001351402,0,0.000675701,0,-0.001351402,0,0,-3.635,-3.64
0.001401359,0,0.00070068,0,-0.001401359,0,0,-3.625,-3.63
0.001453018,0,0.000726509,0,-0.001453018,0,0,-3.615,-3.62
0.00150643,0,0.000753215,0,-0.00150643,0,0,-3.605,-3.61
0.00156165,0,0.000780825,0,-0.00156165,0,0,-3.595,-3.6
0.001618731,0,0.000809366,0,-0.001618731,0,0,-3.585,-3.59
0.001677732,0,0.000838866,0,-0.001677732,0,0,-3.575,-3.58
0.001738709,0,0.000869354,0,-0.001738709,0,0,-3.565,-3.57
0.001801722,0,0.000900861,0,-0.001801722,0,0,-3.555,-3.56
0.001866832,0,0.000933416,0,-0.001866832,0,0,-3.545,-3.55
0.001934101,0,0.000967051,0,-0.001934101,0,0,-3.535,-3.54
0.002003594,0,0.001001797,0,-0.002003594,0,0,-3.525,-3.53
0.002075377,0,0.001037688,0,-0.002075377,0,0,-3.515,-3.52
0.002149516,0,0.001074758,0,-0.002149516,0,0,-3.505,-3.51
0.002226081,0,0.001113041,0,-0.002226081,0,0,-3.495,-3.5
0.002305143,0,0.001152572,0,-0.002305143,0,0,-3.485,-3.49
0.002386774,0,0.001193387,0,-0.002386774,0,0,-3.475,-3.48
0.002471049,0,0.001235525,0,-0.002471049,0,0,-3.465,-3.47
0.002558044,0,0.001279022,0,-0.002558044,0,0,-3.455,-3.46
0.002647836,0,0.001323918,0,-0.002647836,0,0,-3.445,-3.45
0.002740507,0,0.001370253,0,-0.002740507,0,0,-3.435,-3.44
0.002836137,0,0.001418068,0,-0.002836137,0,0,-3.425,-3.43
0.00293481,0,0.001467405,0,-0.00293481,0,0,-3.415,-3.42
0.003036613,0,0.001518307,0,-0.003036613,0,0,-3.405,-3.41
0.003141633,0,0.001570817,0,-0.003141633,0,0,-3.395,-3.4
0.00324996,0,0.00162498,0,-0.00324996,0,0,-3.385,-3.39
0.003361686,0,0.001680843,0,-0.003361686,0,0,-3.375,-3.38
0.003476906,0,0.001738453,0,-0.003476906,0,0,-3.365,-3.37
0.003595715,0,0.001797857,0,-0.003595715,0,0,-3.355,-3.36
0.003718212,0,0.001859106,0,-0.003718212,0,0,-3.345,-3.35
0.003844497,0,0.001922249,0,-0.003844497,0,0,-3.335,-3.34
0.003974674,0,0.001987337,0,-0.003974674,0,0,-3.325,-3.33
0.004108848,0,0.002054424,0,-0.004108848,0,0,-3.315,-3.32
0.004247127,0,0.002123564,0,-0.004247127,0,0,-3.305,-3.31
0.004389621,0,0.00219481,0,-0.004389621,0,0,-3.295,-3.3
0.004536441,0,0.00226822,0,-0.004536441,0,0,-3.285,-3.29
0.004687703,0,0.002343852,0,-0.004687703,0,0,-3.275,-3.28
0.004843525,0,0.002421763,0,-0.004843525,0,0,-3.265,-3.27
0.005004026,0,0.002502013,0,-0.005004026,0,0,-3.255,-3.26
0.005169328,0,0.002584664,0,-0.005169328,0,0,-3.245,-3.25
0.005339557,0,0.002669779,0,-0.005339557,0,0,-3.235,-3.24
0.005514841,0,0.00275742,0,-0.005514841,0,0,-3.225,-3.23
0.005695309,0,0.002847654,0,-0.005695309,0,0,-3.215,-3.22
0.005881094,0,0.002940547,0,-0.005881094,0,0,-3.205,-3.21
0.006072332,0,0.003036166,0,-0.006072332,0,0,-3.195,-3.2
0.006269163,0,0.003134581,0,-0.006269163,0,0,-3.185,-3.19
0.006471726,0,0.003235863,0,-0.006471726,0,0,-3.175,-3.18
0.006680166,0,0.003340083,0,-0.006680166,0,0,-3.165,-3.17
0.00689463,0,0.003447315,0,-0.00689463,0,0,-3.155,-3.16
0.007115267,0,0.003557634,0,-0.007115267,0,0,-3.145,-3.15
0.007342231,0,0.003671116,0,-0.007342231,0,0,-3.135,-3.14
0.007575677,0,0.003787839,0,-0.007575677,0,0,-3.125,-3.13
0.007815764,0,0.003907882,0,-0.007815764,0,0,-3.115,-3.12
0.008062654,0,0.004031327,0,-0.008062654,0,0,-3.105,-3.11
0.008316511,0,0.004158255,0,-0.008316511,0,0,-3.095,-3.1
0.008577502,0,0.004288751,0,-0.008577502,0,0,-3.085,-3.09
0.0088458,0,0.0044229,0,-0.0088458,0,0,-3.075,-3.08
0.009121578,0,0.004560789,0,-0.009121578,0,0,-3.065,-3.07
0.009405012,0,0.004702506,0,-0.009405012,0,0,-3.055,-3.06
0.009696285,0,0.004848142,0,-0.009696285,0,0,-3.045,-3.05
0.009995578,0,0.004997789,0,-0.009995578,0,0,-3.035,-3.04
0.010303078962692457,0,0.005151539,0,-0.010303079,0,0,-3.025,-3.03
0.010618978,0,0.005309489,0,-0.010618978,0,0,-3.015,-3.02
0.010943468332622466,0,0.005471734,0,-0.010943468,0,0,-3.005,-3.01
0.011276746560527547,0,0.005638373,0,-0.011276747,0,0,-2.995,-3
0.011619012662177115,0,0.005809506,0,-0.011619013,0,0,-2.985,-2.99
0.01197047,0,0.005985235,0,-0.01197047,0,0,-2.975,-2.98
0.012331325075262772,0,0.006165663,0,-0.012331325,0,0,-2.965,-2.97
0.012701788101939886,0,0.006350894,0,-0.012701788,0,0,-2.955,-2.96
0.013082072467195551,0,0.006541036,0,-0.013082072,0,0,-2.945,-2.95
0.013472395024799062,0,0.006736198,0,-0.013472395,0,0,-2.935,-2.94
0.013872976053607142,0,0.006936488,0,-0.013872976,0,0,-2.925,-2.93
0.014284039270340053,0,0.00714202,0,-0.014284039,0,0,-2.915,-2.92
0.014705811840994138,0,0.007352906,0,-0.014705812,0,0,-2.905,-2.91
0.015138524,0,0.007569262,0,-0.015138524,0,0,-2.895,-2.9
0.015582411012979464,0,0.007791206,0,-0.015582411,0,0,-2.885,-2.89
0.016037709,0,0.008018855,0,-0.016037709,0,0,-2.875,-2.88
0.01650466,0,0.00825233,0,-0.01650466,0,0,-2.865,-2.87
0.016983508398121638,0,0.008491754,0,-0.016983508,0,0,-2.855,-2.86
0.017474502,0,0.008737251,0,-0.017474502,0,0,-2.845,-2.85
0.017977891967483048,0,0.008988946,0,-0.017977892,0,0,-2.835,-2.84
0.018493933862369062,0,0.009246967,0,-0.018493934,0,0,-2.825,-2.83
0.019022885968796983,0,0.009511443,0,-0.019022886,0,0,-2.815,-2.82
0.019565010238753795,0,0.009782505,0,-0.01956501,0,0,-2.805,-2.81
0.020120572095195417,0,0.010060286047597709,0,-0.020120572,0,0,-2.795,-2.8
0.020689840423294126,0,0.010344920211647063,0,-0.02068984,0,0,-2.785,-2.79
0.021273087559681558,0,0.010636543779840779,0,-0.021273088,0,0,-2.775,-2.78
0.021870589,0,0.010935295,0,-0.021870589,0,0,-2.765,-2.77
0.022482625,0,0.011241312391084645,0,-0.022482625,0,0,-2.755,-2.76
0.023109477,0,0.011554738,0,-0.023109477,0,0,-2.745,-2.75
0.023751430945016007,0,0.011875715472508003,0,-0.023751431,0,0,-2.735,-2.74
0.024408777,0,0.012204388478635956,0,-0.024408777,0,0,-2.725,-2.73
0.025081807410615962,0,0.012540903705307981,0,-0.025081807,0,0,-2.715,-2.72
0.025770818321763894,0,0.012885409160881947,0,-0.025770818,0,0,-2.705,-2.71
0.026476108994647626,0,0.013238054497323813,0,-0.026476109,0,0,-2.695,-2.7
0.027197981989364434,0,0.013598990994682217,0,-0.027197982,0,0,-2.685,-2.69
0.027936743088624476,0,0.013968371544312238,0,-0.027936743,0,0,-2.675,-2.68
0.028692701261649033,0,0.014346350630824517,0,-0.028692701,0,0,-2.665,-2.67
0.029466169,0,0.014733084312735765,0,-0.029466169,0,0,-2.655,-2.66
0.030257460403594377,0,0.015128730201797188,0,-0.03025746,0,0,-2.645,-2.65
0.031066895,0,0.015533447440977614,0,-0.031066895,0,0,-2.635,-2.64
0.031894793,0,0.015947397,0,-0.031894793,0,0,-2.625,-2.63
0.03274148,0,0.01637074,0,-0.03274148,0,0,-2.615,-2.62
0.033607282312689904,0,0.016803641156344952,0,-0.033607282,0,0,-2.605,-2.61
0.03449253,0,0.017246265,0,-0.03449253,0,0,-2.595,-2.6
0.035397556,0,0.017698778013694787,0,-0.035397556,0,0,-2.585,-2.59
0.036322696,0,0.018161347980549115,0,-0.036322696,0,0,-2.575,-2.58
0.037268288,0,0.018634144,0,-0.037268288,0,0,-2.565,-2.57
0.038234673187196956,0,0.019117336593598478,0,-0.038234673,0,0,-2.555,-2.56
0.039222194742556976,0,0.019611097371278488,0,-0.039222195,0,0,-2.545,-2.55
0.040231199,0,0.020115599295533516,0,-0.040231199,0,0,-2.535,-2.54
0.041262033,0,0.020631016,0,-0.041262033,0,0,-2.525,-2.53
0.042315048,0,0.021157524,0,-0.042315048,0,0,-2.515,-2.52
0.043390598,0,0.021695299,0,-0.043390598,0,0,-2.505,-2.51
0.044489036,0,0.022244518048703286,0,-0.044489036,0,0,-2.495,-2.5
0.045610720108156026,0,0.022805360054078013,0,-0.04561072,0,0,-2.485,-2.49
0.046756008847947915,0,0.023378004423973957,0,-0.046756009,0,0,-2.475,-2.48
0.047925263111389074,0,0.023962631555694537,0,-0.047925263,0,0,-2.465,-2.47
0.049118845,0,0.024559423,0,-0.049118845,0,0,-2.455,-2.46
0.050337120094483344,0,0.025168560047241672,0,-0.05033712,0,0,-2.445,-2.45
0.051580453,0,0.025790226399255035,0,-0.051580453,0,0,-2.435,-2.44
0.052849211,0,0.026424605389592595,0,-0.052849211,0,0,-2.425,-2.43
0.054143763,0,0.027071881289496384,0,-0.054143763,0,0,-2.415,-2.42
0.055464478,0,0.027732238977156546,0,-0.055464478,0,0,-2.405,-2.41
0.056811728,0,0.028405864,0,-0.056811728,0,0,-2.395,-2.4
0.058185884,0,0.029092942,0,-0.058185884,0,0,-2.385,-2.39
0.059587318761986086,0,0.029793659380993043,0,-0.059587319,0,0,-2.375,-2.38
0.061016406,0,0.030508203,0,-0.061016406,0,0,-2.365,-2.37
0.06247352,0,0.031236759750652914,0,-0.06247352,0,0,-2.355,-2.36
0.063959034,0,0.031979517,0,-0.063959034,0,0,-2.345,-2.35
0.065473323,0,0.032736662,0,-0.065473323,0,0,-2.335,-2.34
0.067016763,0,0.033508381,0,-0.067016763,0,0,-2.325,-2.33
0.068589728,0,0.034294864,0,-0.068589728,0,0,-2.315,-2.32
0.070192592,0,0.035096296,0,-0.070192592,0,0,-2.305,-2.31
0.071825731,0,0.035912865,0,-0.071825731,0,0,-2.295,-2.3
0.073489518,0,0.036744758822829154,0,-0.073489518,0,0,-2.285,-2.29
0.075184326,0,0.037592163,0,-0.075184326,0,0,-2.275,-2.28
0.076910529,0,0.038455264,0,-0.076910529,0,0,-2.265,-2.27
0.078668497,0,0.039334248340545074,0,-0.078668497,0,0,-2.255,-2.26
0.080458601,0,0.040229301,0,-0.080458601,0,0,-2.245,-2.25
0.082281211,0,0.041140605,0,-0.082281211,0,0,-2.235,-2.24
0.084136693,0,0.042068347,0,-0.084136693,0,0,-2.225,-2.23
0.086025415,0,0.043012708,0,-0.086025415,0,0,-2.215,-2.22
0.08794774,0,0.043973870199955696,0,-0.08794774,0,0,-2.205,-2.21
0.089904031,0,0.044952015,0,-0.089904031,0,0,-2.195,-2.2
0.091894647,0,0.045947323,0,-0.091894647,0,0,-2.185,-2.19
0.093919946,0,0.046959973,0,-0.093919946,0,0,-2.175,-2.18
0.095980282,0,0.047990141,0,-0.095980282,0,0,-2.165,-2.17
0.098076009,0,0.049038004,0,-0.098076009,0,0,-2.155,-2.16
0.10020747422995271,0,0.050103737,0,-0.100207474,0,0,-2.145,-2.15
0.1023750242433144,0,0.051187512,0,-0.102375024,0,0,-2.135,-2.14
0.10457900128900145,0,0.052289500644500726,0,-0.104579001,0,0,-2.125,-2.13
0.10681974406711872,0,0.053409872,0,-0.106819744,0,0,-2.115,-2.12
0.1090975874048895,0,0.054548794,0,-0.109097587,0,0,-2.105,-2.11
0.1114128620383259,0,0.055706431,0,-0.111412862,0,0,-2.095,-2.1
0.11376589439130051,0,0.056882947195650256,0,-0.113765894,0,0,-2.085,-2.09
0.11615700635209683,0,0.058078503176048416,0,-0.116157006,0,0,-2.075,-2.08
0.11858651504752063,0,0.059293257523760315,0,-0.118586515,0,0,-2.065,-2.07
0.12105473261465788,0,0.060527366,0,-0.121054733,0,0,-2.055,-2.06
0.12356196597036799,0,0.061780982985183995,0,-0.123561966,0,0,-2.045,-2.05
0.1261085165786049,0,0.063054258,0,-0.126108517,0,0,-2.035,-2.04
0.12869468021566216,0,0.06434734,0,-0.12869468,0,0,-2.025,-2.03
0.13132074673344024,0,0.065660373,0,-0.131320747,0,0,-2.015,-2.02
0.13398699982083945,0,0.0669935,0,-0.133987,0,0,-2.005,-2.01
0.13669371676338504,0,0.068346858,0,-0.136693717,0,0,-1.995,-2
0.1394411682011941,0,0.069720584,0,-0.139441168,0,0,-1.985,-1.99
0.14222961788539534,0,0.071114809,0,-0.142229618,0,0,-1.975,-1.98
0.14505932243312156,0,0.072529661,0,-0.145059322,0,0,-1.965,-1.97
0.14793053108119072,0,0.073965266,0,-0.147930531,0,0,-1.955,-1.96
0.15084348543860243,0,0.075421743,0,-0.150843485,0,0,-1.945,-1.95
0.15379841923797288,0,0.07689921,0,-0.153798419,0,0,-1.935,-1.94
0.15679555808603965,0,0.078397779,0,-0.156795558,0,0,-1.925,-1.93
0.1598351192133699,0,0.07991756,0,-0.159835119,0,0,-1.915,-1.92
0.16291731122340516,0,0.081458656,0,-0.162917311,0,0,-1.905,-1.91
0.1660423338409855,0,0.083021167,0,-0.166042334,0,0,-1.895,-1.9
0.16921037766049143,0,0.084605189,0,-0.169210378,0,0,-1.885,-1.89
0.17242162389375282,0,0.086210812,0,-0.172421624,0,0,-1.875,-1.88
0.1756762441178686,0,0.087838122,0,-0.175676244,0,0,-1.865,-1.87
0.1789744000230932,0,0.0894872,0,-0.1789744,0,0,-1.855,-1.86
0.1823162431609379,0,0.091158122,0,-0.182316243,0,0,-1.845,-1.85
0.1857019146926505,0,0.092850957,0,-0.185701915,0,0,-1.835,-1.84
0.18913154513822547,0,0.094565773,0,-0.189131545,0,0,-1.825,-1.83
0.1926052541261133,0,0.096302627,0,-0.192605254,0,0,-1.815,-1.82
0.1961231501437874,0,0.098061575,0,-0.19612315,0,0,-1.805,-1.81
0.19968533028934102,0,0.099842665,0,-0.19968533,0,0,-1.795,-1.8
0.20329188002427875,0,0.10164594001213938,0,-0.20329188,0,0,-1.785,-1.79
0.20694287292767763,0,0.10347143646383881,0,-0.206942873,0,0,-1.775,-1.78
0.21063837045188888,0,0.10531918522594444,0,-0.21063837,0,0,-1.765,-1.77
0.21437842167995863,0,0.10718921083997932,0,-0.214378422,0,0,-1.755,-1.76
0.21816306308494188,0,0.10908153154247094,0,-0.218163063,0,0,-1.745,-1.75
0.22199231829129384,0,0.11099615914564692,0,-0.221992318,0,0,-1.735,-1.74
0.22586619783851442,0,0.11293309891925721,0,-0.225866198,0,0,-1.725,-1.73
0.2297846989472343,0,0.11489234947361715,0,-0.229784699,0,0,-1.715,-1.72
0.23374780528792163,0,0.11687390264396082,0,-0.233747805,0,0,-1.705,-1.71
0.2377554867524008,0,0.1188777433762004,0,-0.237755487,0,0,-1.695,-1.7
0.24180769922836345,0,0.12090384961418173,0,-0.241807699,0,0,-1.685,-1.69
0.24590438437706755,0,0.12295219218853377,0,-0.245904384,0,0,-1.675,-1.68
0.25004546941440664,0,0.12502273470720332,0,-0.250045469,0,0,-1.665,-1.67
0.25423086689554303,0,0.12711543344777151,0,-0.254230867,0,0,-1.655,-1.66
0.2584604745032964,0,0.1292302372516482,0,-0.258460475,0,0,-1.645,-1.65
0.26273417484047434,0,0.13136708742023717,0,-0.262734175,0,0,-1.635,-1.64
0.26705183522634335,0,0.13352591761317167,0,-0.267051835,0,0,-1.625,-1.63
0.27141330749742437,0,0.13570665374871219,0,-0.271413307,0,0,-1.615,-1.62
0.27581842781281324,0,0.13790921390640662,0,-0.275818428,0,0,-1.605,-1.61
0.28026701646420976,0,0.14013350823210488,0,-0.280267016,0,0,-1.595,-1.6
0.2847588776908549,0,0.14237943884542745,0,-0.284758878,0,0,-1.585,-1.59
0.2892937994995616,0,0.1446468997497808,0,-0.289293799,0,0,-1.575,-1.58
0.2938715534900346,0,0.1469357767450173,0,-0.293871553,0,0,-1.565,-1.57
0.2984918946856655,0,0.14924594734283275,0,-0.298491895,0,0,-1.555,-1.56
0.30315456136999824,0,0.15157728068499912,0,-0.303154561,0,0,-1.545,-1.55
0.307859275,0,0.153929637,0,-0.307859275,0,0,-1.535,-1.54
0.31260573969965544,0,0.15630286984982772,0,-0.31260574,0,0,-1.525,-1.53
0.317393643,0,0.158696821,0,-0.317393643,0,0,-1.515,-1.52
0.3222226541110666,0,0.1611113270555333,0,-0.322222654,0,0,-1.505,-1.51
0.3270924259032955,0,0.16354621295164776,0,-0.327092426,0,0,-1.495,-1.5
0.3320025929519209,0,0.16600129647596046,0,-0.332002593,0,0,-1.485,-1.49
0.33695277229782516,0,0.16847638614891258,0,-0.336952772,0,0,-1.475,-1.48
0.34194256316010574,0,0.17097128158005287,0,-0.341942563,0,0,-1.465,-1.47
0.34697154683185094,0,0.17348577341592547,0,-0.346971547,0,0,-1.455,-1.46
0.35203928658339917,0,0.17601964329169958,0,-0.352039287,0,0,-1.445,-1.45
0.3571453275732436,0,0.1785726637866218,0,-0.357145328,0,0,-1.435,-1.44
0.3622891967667556,0,0.1811445983833778,0,-0.362289197,0,0,-1.425,-1.43
0.3674704028628856,0,0.1837352014314428,0,-0.367470403,0,0,-1.415,-1.42
0.37268843622900194,0,0.18634421811450097,0,-0.372688436,0,0,-1.405,-1.41
0.37794276884402755,0,0.18897138442201378,0,-0.377942769,0,0,-1.395,-1.4
0.38323285425002196,0,0.19161642712501098,0,-0.383232854,0,0,-1.385,-1.39
0.3885581275123641,0,0.19427906375618206,0,-0.388558128,0,0,-1.375,-1.38
0.3939180051886749,0,0.19695900259433746,0,-0.393918005,0,0,-1.365,-1.37
0.39931188530662715,0,0.19965594265331357,0,-0.399311885,0,0,-1.355,-1.36
0.4047391473507726,0,0.2023695736753863,0,-0.404739147,0,0,-1.345,-1.35
0.41019915225852605,0,0.20509957612926302,0,-0.410199152,0,0,-1.335,-1.34
0.41569124242542715,0,0.20784562121271358,0,-0.415691242,0,0,-1.325,-1.33
0.421214742,0,0.2106073708599045,0,-0.421214742,0,0,-1.315,-1.32
0.42676895550698585,0,0.21338447775349292,0,-0.426768956,0,0,-1.305,-1.31
0.4323531706830792,0,0.2161765853415396,0,-0.432353171,0,0,-1.295,-1.3
0.43796665571858195,0,0.21898332785929098,0,-0.437966656,0,0,-1.285,-1.29
0.44360866071177185,0,0.22180433035588593,0,-0.443608661,0,0,-1.275,-1.28
0.4492784174520616,0,0.2246392087260308,0,-0.449278417,0,0,-1.265,-1.27
0.4549751394933848,0,0.2274875697466924,0,-0.454975139,0,0,-1.255,-1.26
0.4606980222376956,0,0.2303490111188478,0,-0.460698022,0,0,-1.245,-1.25
0.4664462430286669,0,0.23322312151433344,0,-0.466446243,0,0,-1.235,-1.24
0.47221896125565377,0,0.23610948062782688,0,-0.472218961,0,0,-1.225,-1.23
0.4780153184679959,0,0.23900765923399794,0,-0.478015318,0,0,-1.215,-1.22
0.483834438,0,0.241917219,0,-0.483834438,0,0,-1.205,-1.21
0.4896754276046351,0,0.24483771380231756,0,-0.489675428,0,0,-1.195,-1.2
0.49553737460206865,0,0.24776868730103432,0,-0.495537375,0,0,-1.185,-1.19
0.5014193510329403,0,0.25070967551647017,0,-0.501419351,0,0,-1.175,-1.18
0.5073204113265517,0,0.25366020566327585,0,-0.507320411,0,0,-1.165,-1.17
0.5132395929779094,0,0.2566197964889547,0,-0.513239593,0,0,-1.155,-1.16
0.5191759167356721,0,0.25958795836783605,0,-0.519175917,0,0,-1.145,-1.15
0.5251283868007182,0,0.2625641934003591,0,-0.525128387,0,0,-1.135,-1.14
0.5310959910353452,0,0.2655479955176726,0,-0.531095991,0,0,-1.125,-1.13
0.537077701,0,0.2685388505915445,0,-0.537077701,0,0,-1.115,-1.12
0.5430724730991613,0,0.27153623654958065,0,-0.543072473,0,0,-1.105,-1.11
0.5490792469914785,0,0.27453962349573924,0,-0.549079247,0,0,-1.095,-1.1
0.5550969476722625,0,0.27754847383613124,0,-0.555096948,0,0,-1.085,-1.09
0.5611244848201743,0,0.28056224241008715,0,-0.561124485,0,0,-1.075,-1.08
0.5671607532529445,0,0.28358037662647223,0,-0.567160753,0,0,-1.065,-1.07
0.5732046332104436,0,0.2866023166052218,0,-0.573204633,0,0,-1.055,-1.06
0.5792549906481446,0,0.2896274953240723,0,-0.579254991,0,0,-1.045,-1.05
0.5853106775409013,0,0.29265533877045063,0,-0.585310678,0,0,-1.035,-1.04
0.5913705321969812,0,0.2956852660984906,0,-0.591370532,0,0,-1.025,-1.03
0.5974333795822595,0,0.29871668979112975,0,-0.59743338,0,0,-1.015,-1.02
0.6034980316544964,0,0.3017490158272482,0,-0.603498032,0,0,-1.005,-1.01
0.6095632877075905,0,0.30478164385379525,0,-0.609563288,0,0,-0.995,-1
0.6156279347257119,0,0.30781396736285593,0,-0.615627935,0,0,-0.985,-0.99
0.6216907477471931,0,0.31084537387359656,0,-0.621690748,0,0,-0.975,-0.98
0.6277504902380654,0,0.3138752451190327,0,-0.62775049,0,0,-0.965,-0.97
0.6338059144751018,0,0.3169029572375509,0,-0.633805914,0,0,-0.955,-0.96
0.6398557619382392,0,0.3199278809691196,0,-0.639855762,0,0,-0.945,-0.95
0.6458987637122254,0,0.3229493818561127,0,-0.645898764,0,0,-0.935,-0.94
0.6519336408973455,0,0.32596682044867276,0,-0.651933641,0,0,-0.925,-0.93
0.6579591050290597,0,0.32897955251452987,0,-0.657959105,0,0,-0.915,-0.92
0.6639738585063919,0,0.33198692925319595,0,-0.663973859,0,0,-0.905,-0.91
0.669976595,0,0.334988298,0,-0.669976595,0,0,-0.895,-0.9
0.675966,0,0.3379830000209685,0,-0.675966,0,0,-0.885,-0.89
0.6819407511903481,0,0.34097037559517407,0,-0.681940751,0,0,-0.875,-0.88
0.6878995187798391,0,0.34394975938991956,0,-0.687899519,0,0,-0.865,-0.87
0.6938409662463759,0,0.34692048312318796,0,-0.693840966,0,0,-0.855,-0.86
0.6997637506330587,0,0.34988187531652937,0,-0.699763751,0,0,-0.845,-0.85
0.7056665230743688,0,0.3528332615371844,0,-0.705666523,0,0,-0.835,-0.84
0.7115479292875366,0,0.3557739646437683,0,-0.711547929,0,0,-0.825,-0.83
0.7174066100708014,0,0.3587033050354007,0,-0.71740661,0,0,-0.815,-0.82
0.7232412018083163,0,0.36162060090415815,0,-0.723241202,0,0,-0.805,-0.81
0.7290503369814543,0,0.36452516849072714,0,-0.729050337,0,0,-0.795,-0.8
0.7348326446862542,0,0.3674163223431271,0,-0.734832645,0,0,-0.785,-0.79
0.7405867511567519,0,0.37029337557837594,0,-0.740586751,0,0,-0.775,-0.78
0.7463112802939204,0,0.3731556401469602,0,-0.74631128,0,0,-0.765,-0.77
0.7520048541999546,0,0.3760024270999773,0,-0.752004854,0,0,-0.755,-0.76
0.757666094,0,0.378833047,0,-0.757666094,0,0,-0.745,-0.75
0.763293619,0,0.381646809,0,-0.763293619,0,0,-0.735,-0.74
0.7688860499307919,0,0.38444302496539595,0,-0.76888605,0,0,-0.725,-0.73
0.774442007,0,0.3872210034668955,0,-0.774442007,0,0,-0.715,-0.72
0.7799601112728071,0,0.38998005563640353,0,-0.779960111,0,0,-0.705,-0.71
0.7854389857403007,0,0.39271949287015034,0,-0.785438986,0,0,-0.695,-0.7
0.7908772551952111,0,0.39543862759760556,0,-0.790877255,0,0,-0.685,-0.69
0.7962735471294194,0,0.3981367735647097,0,-0.796273547,0,0,-0.675,-0.68
0.8016264922368358,0,0.4008132461184179,0,-0.801626492,0,0,-0.665,-0.67
0.8069347249847961,0,0.40346736249239806,0,-0.806934725,0,0,-0.655,-0.66
0.8121968841874335,0,0.40609844209371676,0,-0.812196884,0,0,-0.645,-0.65
0.8174116135806939,0,0.40870580679034696,0,-0.817411614,0,0,-0.635,-0.64
0.8225775623986646,0,0.4112887811993323,0,-0.822577562,0,0,-0.625,-0.63
0.8276933859508704,0,0.4138466929754352,0,-0.827693386,0,0,-0.615,-0.62
0.8327577462002039,0,0.41637887310010196,0,-0.832757746,0,0,-0.605,-0.61
0.8377693123411385,0,0.41888465617056925,0,-0.837769312,0,0,-0.595,-0.6
0.8427267613778847,0,0.42136338068894236,0,-0.842726761,0,0,-0.585,-0.59
0.8476287787021357,0,0.42381438935106786,0,-0.847628779,0,0,-0.575,-0.58
0.8524740586700582,0,0.4262370293350291,0,-0.852474059,0,0,-0.565,-0.57
0.8572613051781688,0,0.4286306525890844,0,-0.857261305,0,0,-0.555,-0.56
0.8619892322377526,0,0.4309946161188763,0,-0.861989232,0,0,-0.545,-0.55
0.8666565645474605,0,0.43332828227373027,0,-0.866656565,0,0,-0.535,-0.54
0.8712620380637395,0,0.43563101903186974,0,-0.871262038,0,0,-0.525,-0.53
0.8758044005687315,0,0.4379022002843658,0,-0.875804401,0,0,-0.515,-0.52
0.8802824122352959,0,0.44014120611764795,0,-0.880282412,0,0,-0.505,-0.51
0.8846948461887891,0,0.44234742309439457,0,-0.884694846,0,0,-0.495,-0.5
0.8890404890652579,0,0.44452024453262895,0,-0.889040489,0,0,-0.485,-0.49
0.8933181415656825,0,0.4466590707828412,0,-0.893318142,0,0,-0.475,-0.48
0.8975266190059231,0,0.44876330950296156,0,-0.897526619,0,0,-0.465,-0.47
0.9016647518620142,0,0.4508323759310071,0,-0.901664752,0,0,-0.455,-0.46
0.9057313863104591,0,0.45286569315522957,0,-0.905731386,0,0,-0.445,-0.45
0.9097253847631722,0,0.4548626923815861,0,-0.909725385,0,0,-0.435,-0.44
0.913645626,0,0.4568228131983645,0,-0.913645626,0,0,-0.425,-0.43
0.917491008,0,0.458745504,0,-0.917491008,0,0,-0.415,-0.42
0.9212604428688389,0,0.46063022143441945,0,-0.921260443,0,0,-0.405,-0.41
0.924952865,0,0.462476432,0,-0.924952865,0,0,-0.395,-0.4
0.9285672241522601,0,0.46428361207613006,0,-0.928567224,0,0,-0.385,-0.39
0.9321024923595276,0,0.4660512461797638,0,-0.932102492,0,0,-0.375,-0.38
0.9355576596990667,0,0.46777882984953334,0,-0.93555766,0,0,-0.365,-0.37
0.9389317369690667,0,0.46946586848453337,0,-0.938931737,0,0,-0.355,-0.36
0.942223756,0,0.471111878,0,-0.942223756,0,0,-0.345,-0.35
0.9454327687208741,0,0.47271638436043706,0,-0.945432769,0,0,-0.335,-0.34
0.9485578504064229,0,0.47427892520321147,0,-0.94855785,0,0,-0.325,-0.33
0.9515980973284552,0,0.4757990486642276,0,-0.951598097,0,0,-0.315,-0.32
0.9545526285875382,0,0.4772763142937691,0,-0.954552629,0,0,-0.305,-0.31
0.9574205862588399,0,0.47871029312941993,0,-0.957420586,0,0,-0.295,-0.3
0.960201136,0,0.480100568,0,-0.960201136,0,0,-0.285,-0.29
0.9628934664913628,0,0.4814467332456814,0,-0.962893466,0,0,-0.275,-0.28
0.9654967917584801,0,0.48274839587924007,0,-0.965496792,0,0,-0.265,-0.27
0.9680103496263096,0,0.4840051748131548,0,-0.96801035,0,0,-0.255,-0.26
0.9704334030551546,0,0.4852167015275773,0,-0.970433403,0,0,-0.245,-0.25
0.9727652403079085,0,0.4863826201539542,0,-0.97276524,0,0,-0.235,-0.24
0.9750051752984178,0,0.4875025876492089,0,-0.975005175,0,0,-0.225,-0.23
0.9771525479278599,0,0.48857627396392994,0,-0.977152548,0,0,-0.215,-0.22
0.9792067244089037,0,0.48960336220445183,0,-0.979206724,0,0,-0.205,-0.21
0.9811670975774324,0,0.4905835487887162,0,-0.981167098,0,0,-0.195,-0.2
0.983033087,0,0.4915165435958055,0,-0.983033087,0,0,-0.185,-0.19
0.9848041402180955,0,0.49240207010904774,0,-0.98480414,0,0,-0.175,-0.18
0.9864797311051822,0,0.4932398655525911,0,-0.986479731,0,0,-0.165,-0.17
0.9880593620427125,0,0.49402968102135625,0,-0.988059362,0,0,-0.155,-0.16
0.9895425632085508,0,0.4947712816042754,0,-0.989542563,0,0,-0.145,-0.15
0.9909288930014639,0,0.49546444650073196,0,-0.990928893,0,0,-0.135,-0.14
0.9922179382602435,0,0.49610896913012176,0,-0.992217938,0,0,-0.125,-0.13
0.9934093144689159,0,0.49670465723445795,0,-0.993409314,0,0,-0.115,-0.12
0.9945026659478988,0,0.4972513329739494,0,-0.994502666,0,0,-0.105,-0.11
0.9954976660309716,0,0.4977488330154858,0,-0.995497666,0,0,-0.095,-0.1
0.9963940172279344,0,0.4981970086139672,0,-0.996394017,0,0,-0.085,-0.09
0.9971914513728449,0,0.49859572568642246,0,-0.997191451,0,0,-0.075,-0.08
0.9978897297577276,0,0.4989448648788638,0,-0.99788973,0,0,-0.065,-0.07
0.998488643,0,0.4992443216258315,0,-0.998488643,0,0,-0.055,-0.06
0.9989880124051737,0,0.4994940062025868,0,-0.998988012,0,0,-0.045,-0.05
0.9993876875398336,0,0.4996938437699168,0,-0.999387688,0,0,-0.035,-0.04
0.9996875488230391,0,0.49984377441151956,0,-0.999687549,0,0,-0.025,-0.03
0.9998875063278877,0,0.49994375316394385,0,-0.999887506,0,0,-0.015,-0.02
0.9999875000781246,0,0.4999937500390623,0,-0.9999875,0,0,-0.005,-0.01
0.9999875000781246,0,0.4999937500390623,0,-0.9999875,0,0,0.005,0
0.9998875063278877,0,0.49994375316394385,0,-0.999887506,0,0,0.015,0.01
0.9996875488230391,0,0.49984377441151956,0,-0.999687549,0,0,0.025000000000000355,0.020000000000000462
0.9993876875398336,0,0.4996938437699168,0,-0.999387688,0,0,0.035,0.03
0.9989880124051737,0,0.4994940062025868,0,-0.998988012,0,0,0.045,0.040000000000000036
0.998488643,0,0.4992443216258315,0,-0.998488643,0,0,0.054999999999999716,0.05
0.9978897297577275,0,0.49894486487886375,0,-0.99788973,0,0,0.065,0.06
0.9971914513728449,0,0.49859572568642246,0,-0.997191451,0,0,0.075,0.07
0.9963940172279344,0,0.4981970086139672,0,-0.996394017,0,0,0.085,0.08
0.9954976660309717,0,0.49774883301548584,0,-0.995497666,0,0,0.095,0.09
0.9945026659478989,0,0.49725133297394947,0,-0.994502666,0,0,0.10499999999999954,0.1
0.9934093144689159,0,0.49670465723445795,0,-0.993409314,0,0,0.11500000000000021,0.11000000000000032
0.9922179382602435,0,0.49610896913012176,0,-0.992217938,0,0,0.125,0.1200000000000001
0.9909288930014639,0,0.49546444650073196,0,-0.990928893,0,0,0.1349999999999998,0.1299999999999999
0.9895425632085508,0,0.4947712816042754,0,-0.989542563,0,0,0.14499999999999957,0.13999999999999968
0.9880593620427125,0,0.49402968102135625,0,-0.988059362,0,0,0.15500000000000025,0.15000000000000036
0.9864797311051822,0,0.4932398655525911,0,-0.986479731,0,0,0.16500000000000004,0.16000000000000014
0.9848041402180955,0,0.49240207010904774,0,-0.98480414,0,0,0.17499999999999982,0.16999999999999993
0.9830330871916111,0,0.49151654359580554,0,-0.983033087,0,0,0.1849999999999996,0.17999999999999972
0.9811670975774323,0,0.49058354878871613,0,-0.981167098,0,0,0.19500000000000028,0.1900000000000004
0.9792067244089037,0,0.48960336220445183,0,-0.979206724,0,0,0.20500000000000007,0.20000000000000018
0.9771525479278599,0,0.48857627396392994,0,-0.977152548,0,0,0.21499999999999986,0.20999999999999996
0.9750051752984179,0,0.48750258764920895,0,-0.975005175,0,0,0.22499999999999964,0.21999999999999975
0.9727652403079083,0,0.48638262015395417,0,-0.97276524,0,0,0.23500000000000032,0.23000000000000043
0.9704334030551546,0,0.4852167015275773,0,-0.970433403,0,0,0.2450000000000001,0.2400000000000002
0.9680103496263096,0,0.4840051748131548,0,-0.96801035,0,0,0.2549999999999999,0.25
0.9654967917584802,0,0.4827483958792401,0,-0.965496792,0,0,0.2649999999999997,0.2599999999999998
0.9628934664913626,0,0.4814467332456813,0,-0.962893466,0,0,0.27500000000000036,0.27000000000000046
0.960201136,0,0.480100568,0,-0.960201136,0,0,0.28500000000000014,0.28000000000000025
0.9574205862588399,0,0.47871029312941993,0,-0.957420586,0,0,0.29499999999999993,0.29000000000000004
0.9545526285875383,0,0.47727631429376915,0,-0.954552629,0,0,0.3049999999999997,0.2999999999999998
0.9515980973284551,0,0.47579904866422756,0,-0.951598097,0,0,0.3150000000000004,0.3100000000000005
0.9485578504064229,0,0.47427892520321147,0,-0.94855785,0,0,0.3250000000000002,0.3200000000000003
0.9454327687208741,0,0.47271638436043706,0,-0.945432769,0,0,0.33499999999999996,0.33000000000000007
0.9422237557206721,0,0.47111187786033604,0,-0.942223756,0,0,0.34499999999999975,0.33999999999999986
0.9389317369690666,0,0.4694658684845333,0,-0.938931737,0,0,0.3550000000000004,0.35000000000000053
0.9355576596990667,0,0.46777882984953334,0,-0.93555766,0,0,0.3650000000000002,0.3600000000000003
0.9321024923595276,0,0.4660512461797638,0,-0.932102492,0,0,0.375,0.3700000000000001
0.9285672241522603,0,0.46428361207613017,0,-0.928567224,0,0,0.3849999999999998,0.3799999999999999
0.9249528645604702,0,0.4624764322802351,0,-0.924952865,0,0,0.3949999999999996,0.3899999999999997
0.9212604428688389,0,0.46063022143441945,0,-0.921260443,0,0,0.40500000000000025,0.40000000000000036
0.917491008,0,0.458745504,0,-0.917491008,0,0,0.41500000000000004,0.41000000000000014
0.913645626,0,0.4568228131983645,0,-0.913645626,0,0,0.4249999999999998,0.41999999999999993
0.9097253847631724,0,0.4548626923815862,0,-0.909725385,0,0,0.4349999999999996,0.4299999999999997
0.9057313863104589,0,0.45286569315522945,0,-0.905731386,0,0,0.4450000000000003,0.4400000000000004
0.9016647518620142,0,0.4508323759310071,0,-0.901664752,0,0,0.45500000000000007,0.4500000000000002
0.8975266190059231,0,0.44876330950296156,0,-0.897526619,0,0,0.46499999999999986,0.45999999999999996
0.8933181415656827,0,0.44665907078284134,0,-0.893318142,0,0,0.47499999999999964,0.46999999999999975
0.8890404890652578,0,0.4445202445326289,0,-0.889040489,0,0,0.4850000000000003,0.4800000000000004
0.8846948461887891,0,0.44234742309439457,0,-0.884694846,0,0,0.4950000000000001,0.4900000000000002
0.8802824122352959,0,0.44014120611764795,0,-0.880282412,0,0,0.5049999999999999,0.5
0.8758044005687318,0,0.4379022002843659,0,-0.875804401,0,0,0.5149999999999997,0.5099999999999998
0.8712620380637393,0,0.4356310190318696,0,-0.871262038,0,0,0.5250000000000004,0.5200000000000005
0.8666565645474605,0,0.43332828227373027,0,-0.866656565,0,0,0.5350000000000001,0.5300000000000002
0.8619892322377526,0,0.4309946161188763,0,-0.861989232,0,0,0.5449999999999999,0.54
0.857261305,0,0.4286306525890845,0,-0.857261305,0,0,0.5549999999999997,0.5499999999999998
0.852474059,0,0.426237029,0,-0.852474059,0,0,0.5650000000000004,0.5600000000000005
0.8476287787021357,0,0.42381438935106786,0,-0.847628779,0,0,0.5750000000000002,0.5700000000000003
0.8427267613778847,0,0.42136338068894236,0,-0.842726761,0,0,0.585,0.5800000000000001
0.8377693123411387,0,0.41888465617056936,0,-0.837769312,0,0,0.5949999999999998,0.5899999999999999
0.8327577462002038,0,0.4163788731001019,0,-0.832757746,0,0,0.6050000000000004,0.6000000000000005
0.8276933859508704,0,0.4138466929754352,0,-0.827693386,0,0,0.6150000000000002,0.6100000000000003
0.8225775623986646,0,0.4112887811993323,0,-0.822577562,0,0,0.625,0.6200000000000001
0.8174116135806941,0,0.40870580679034707,0,-0.817411614,0,0,0.6349999999999998,0.6299999999999999
0.8121968841874337,0,0.40609844209371687,0,-0.812196884,0,0,0.6449999999999996,0.6399999999999997
0.8069347249847961,0,0.40346736249239806,0,-0.806934725,0,0,0.6550000000000002,0.6500000000000004
0.8016264922368358,0,0.4008132461184179,0,-0.801626492,0,0,0.665,0.6600000000000001
0.7962735471294194,0,0.3981367735647097,0,-0.796273547,0,0,0.6749999999999998,0.6699999999999999
0.7908772551952113,0,0.3954386275976057,0,-0.790877255,0,0,0.6849999999999996,0.6799999999999997
0.7854389857403005,0,0.39271949287015023,0,-0.785438986,0,0,0.6950000000000003,0.6900000000000004
0.7799601112728071,0,0.38998005563640353,0,-0.779960111,0,0,0.7050000000000001,0.7000000000000002
0.774442007,0,0.3872210034668955,0,-0.774442007,0,0,0.7149999999999999,0.71
0.7688860499307921,0,0.38444302496539606,0,-0.76888605,0,0,0.7249999999999996,0.7199999999999998
0.7632936189743198,0,0.3816468094871599,0,-0.763293619,0,0,0.7350000000000003,0.7300000000000004
0.757666094,0,0.378833047,0,-0.757666094,0,0,0.7450000000000001,0.7400000000000002
0.7520048541999546,0,0.3760024270999773,0,-0.752004854,0,0,0.7549999999999999,0.75
0.7463112802939207,0,0.37315564014696034,0,-0.74631128,0,0,0.7649999999999997,0.7599999999999998
0.7405867511567517,0,0.3702933755783758,0,-0.740586751,0,0,0.7750000000000004,0.7700000000000005
0.7348326446862542,0,0.3674163223431271,0,-0.734832645,0,0,0.7850000000000001,0.7800000000000002
0.7290503369814543,0,0.36452516849072714,0,-0.729050337,0,0,0.7949999999999999,0.79
0.7232412018083165,0,0.36162060090415826,0,-0.723241202,0,0,0.8049999999999997,0.7999999999999998
0.7174066100708012,0,0.3587033050354006,0,-0.71740661,0,0,0.8150000000000004,0.8100000000000005
0.7115479292875366,0,0.3557739646437683,0,-0.711547929,0,0,0.8250000000000002,0.8200000000000003
0.7056665230743688,0,0.3528332615371844,0,-0.705666523,0,0,0.835,0.8300000000000001
0.699763751,0,0.3498818753165295,0,-0.699763751,0,0,0.8449999999999998,0.8399999999999999
0.6938409662463757,0,0.34692048312318785,0,-0.693840966,0,0,0.8550000000000004,0.8500000000000005
0.6878995187798391,0,0.34394975938991956,0,-0.687899519,0,0,0.8650000000000002,0.8600000000000003
0.6819407511903481,0,0.34097037559517407,0,-0.681940751,0,0,0.875,0.8700000000000001
0.6759660000419372,0,0.3379830000209686,0,-0.675966,0,0,0.8849999999999998,0.8799999999999999
0.6699765950288843,0,0.33498829751444215,0,-0.669976595,0,0,0.8949999999999996,0.8899999999999997
0.6639738585063919,0,0.33198692925319595,0,-0.663973859,0,0,0.9050000000000002,0.9000000000000004
0.6579591050290597,0,0.32897955251452987,0,-0.657959105,0,0,0.915,0.9100000000000001
0.6519336408973455,0,0.32596682044867276,0,-0.651933641,0,0,0.9249999999999998,0.9199999999999999
0.6458987637122257,0,0.3229493818561128,0,-0.645898764,0,0,0.9349999999999996,0.9299999999999997
0.639855762,0,0.3199278809691195,0,-0.639855762,0,0,0.9450000000000003,0.9400000000000004
0.6338059144751018,0,0.3169029572375509,0,-0.633805914,0,0,0.9550000000000001,0.9500000000000002
0.6277504902380654,0,0.3138752451190327,0,-0.62775049,0,0,0.9649999999999999,0.96
0.6216907477471935,0,0.31084537387359673,0,-0.621690748,0,0,0.9749999999999996,0.9699999999999998
0.6156279347257116,0,0.3078139673628558,0,-0.615627935,0,0,0.9850000000000003,0.9800000000000004
0.6095632877075905,0,0.30478164385379525,0,-0.609563288,0,0,0.9950000000000001,0.9900000000000002
0.6034980316544964,0,0.3017490158272482,0,-0.603498032,0,0,1.005,1
0.5974333795822598,0,0.2987166897911299,0,-0.59743338,0,0,1.0149999999999997,1.0099999999999998
0.5913705321969809,0,0.29568526609849044,0,-0.591370532,0,0,1.0250000000000004,1.0200000000000005
0.5853106775409013,0,0.29265533877045063,0,-0.585310678,0,0,1.0350000000000001,1.0300000000000002
0.5792549906481446,0,0.2896274953240723,0,-0.579254991,0,0,1.045,1.04
0.5732046332104438,0,0.2866023166052219,0,-0.573204633,0,0,1.0549999999999997,1.0499999999999998
0.5671607532529441,0,0.28358037662647206,0,-0.567160753,0,0,1.0650000000000004,1.0600000000000005
0.5611244848201743,0,0.28056224241008715,0,-0.561124485,0,0,1.0750000000000002,1.0700000000000003
0.5550969476722625,0,0.27754847383613124,0,-0.555096948,0,0,1.085,1.08
0.5490792469914787,0,0.27453962349573935,0,-0.549079247,0,0,1.0949999999999998,1.0899999999999999
0.5430724730991611,0,0.27153623654958053,0,-0.543072473,0,0,1.1050000000000004,1.1000000000000005
0.537077701,0,0.2685388505915445,0,-0.537077701,0,0,1.1150000000000002,1.1100000000000003
0.5310959910353452,0,0.2655479955176726,0,-0.531095991,0,0,1.125,1.12
0.5251283868007185,0,0.26256419340035925,0,-0.525128387,0,0,1.1349999999999998,1.13
0.5191759167356724,0,0.2595879583678362,0,-0.519175917,0,0,1.1449999999999996,1.1399999999999997
0.5132395929779094,0,0.2566197964889547,0,-0.513239593,0,0,1.1550000000000002,1.1500000000000004
0.5073204113265517,0,0.25366020566327585,0,-0.507320411,0,0,1.165,1.1600000000000001
0.5014193510329406,0,0.2507096755164703,0,-0.501419351,0,0,1.1749999999999998,1.17
0.49553737460206887,0,0.24776868730103443,0,-0.495537375,0,0,1.1849999999999996,1.1799999999999997
0.4896754276046349,0,0.24483771380231745,0,-0.489675428,0,0,1.1950000000000003,1.1900000000000004
0.483834438,0,0.241917219,0,-0.483834438,0,0,1.205,1.2000000000000002
0.4780153184679959,0,0.23900765923399794,0,-0.478015318,0,0,1.2149999999999999,1.21
0.472218961,0,0.236109481,0,-0.472218961,0,0,1.2249999999999996,1.2199999999999998
0.4664462430286666,0,0.2332231215143333,0,-0.466446243,0,0,1.2350000000000003,1.2300000000000004
0.4606980222376956,0,0.2303490111188478,0,-0.460698022,0,0,1.245,1.2400000000000002
0.4549751394933848,0,0.2274875697466924,0,-0.454975139,0,0,1.255,1.25
0.4492784174520618,0,0.2246392087260309,0,-0.449278417,0,0,1.2649999999999997,1.2599999999999998
0.44360866071177163,0,0.22180433035588581,0,-0.443608661,0,0,1.2750000000000004,1.2700000000000005
0.43796665571858195,0,0.21898332785929098,0,-0.437966656,0,0,1.2850000000000001,1.2800000000000002
0.4323531706830792,0,0.2161765853415396,0,-0.432353171,0,0,1.295,1.29
0.42676895550698607,0,0.21338447775349303,0,-0.426768956,0,0,1.3049999999999997,1.2999999999999998
0.4212147417198087,0,0.21060737085990436,0,-0.421214742,0,0,1.3150000000000004,1.3100000000000005
0.41569124242542715,0,0.20784562121271358,0,-0.415691242,0,0,1.3250000000000002,1.3200000000000003
0.41019915225852605,0,0.20509957612926302,0,-0.410199152,0,0,1.335,1.33
0.4047391473507728,0,0.2023695736753864,0,-0.404739147,0,0,1.3449999999999998,1.3399999999999999
0.3993118853066269,0,0.19965594265331346,0,-0.399311885,0,0,1.3550000000000004,1.3500000000000005
0.3939180051886749,0,0.19695900259433746,0,-0.393918005,0,0,1.3650000000000002,1.3600000000000003
0.3885581275123641,0,0.19427906375618206,0,-0.388558128,0,0,1.375,1.37
0.3832328542500222,0,0.1916164271250111,0,-0.383232854,0,0,1.3849999999999998,1.38
0.37794276884402783,0,0.18897138442201392,0,-0.377942769,0,0,1.3949999999999996,1.3899999999999997
0.37268843622900194,0,0.18634421811450097,0,-0.372688436,0,0,1.4050000000000002,1.4000000000000004
0.3674704028628856,0,0.1837352014314428,0,-0.367470403,0,0,1.415,1.4100000000000001
0.36228919676675575,0,0.18114459838337788,0,-0.362289197,0,0,1.4249999999999998,1.42
0.3571453275732438,0,0.1785726637866219,0,-0.357145328,0,0,1.4349999999999996,1.4299999999999997
0.35203928658339895,0,0.17601964329169947,0,-0.352039287,0,0,1.4450000000000003,1.4400000000000004
0.34697154683185094,0,0.17348577341592547,0,-0.346971547,0,0,1.455,1.4500000000000002
0.34194256316010574,0,0.17097128158005287,0,-0.341942563,0,0,1.4649999999999999,1.46
0.3369527722978254,0,0.1684763861489127,0,-0.336952772,0,0,1.4749999999999996,1.4699999999999998
0.3320025929519207,0,0.16600129647596035,0,-0.332002593,0,0,1.4850000000000003,1.4800000000000004
0.3270924259032955,0,0.16354621295164776,0,-0.327092426,0,0,1.495,1.4900000000000002
0.3222226541110666,0,0.1611113270555333,0,-0.322222654,0,0,1.505,1.5
0.3173936428240962,0,0.1586968214120481,0,-0.317393643,0,0,1.5149999999999997,1.5099999999999998
0.3126057396996552,0,0.1563028698498276,0,-0.31260574,0,0,1.5250000000000004,1.5200000000000005
0.307859275,0,0.153929637,0,-0.307859275,0,0,1.5350000000000001,1.5300000000000002
0.30315456136999824,0,0.15157728068499912,0,-0.303154561,0,0,1.545,1.54
0.2984918946856657,0,0.14924594734283286,0,-0.298491895,0,0,1.5549999999999997,1.5499999999999998
0.2938715534900344,0,0.1469357767450172,0,-0.293871553,0,0,1.5650000000000004,1.5600000000000005
0.2892937994995616,0,0.1446468997497808,0,-0.289293799,0,0,1.5750000000000002,1.5700000000000003
0.2847588776908549,0,0.14237943884542745,0,-0.284758878,0,0,1.585,1.58
0.28026701646420993,0,0.14013350823210496,0,-0.280267016,0,0,1.5949999999999998,1.5899999999999999
0.27581842781281307,0,0.13790921390640654,0,-0.275818428,0,0,1.6050000000000004,1.6000000000000005
0.27141330749742437,0,0.13570665374871219,0,-0.271413307,0,0,1.6150000000000002,1.6100000000000003
0.26705183522634335,0,0.13352591761317167,0,-0.267051835,0,0,1.625,1.62
0.2627341748404745,0,0.13136708742023726,0,-0.262734175,0,0,1.6349999999999998,1.63
0.25846047450329657,0,0.12923023725164828,0,-0.258460475,0,0,1.6449999999999996,1.6399999999999997
0.25423086689554303,0,0.12711543344777151,0,-0.254230867,0,0,1.6550000000000002,1.6500000000000004
0.25004546941440664,0,0.12502273470720332,0,-0.250045469,0,0,1.665,1.6600000000000001
0.24590438437706771,0,0.12295219218853386,0,-0.245904384,0,0,1.6749999999999998,1.67
0.24180769922836368,0,0.12090384961418184,0,-0.241807699,0,0,1.6849999999999996,1.6799999999999997
0.23775548675240057,0,0.11887774337620029,0,-0.237755487,0,0,1.6950000000000003,1.6900000000000004
0.23374780528792163,0,0.11687390264396082,0,-0.233747805,0,0,1.705,1.7000000000000002
0.2297846989472343,0,0.11489234947361715,0,-0.229784699,0,0,1.7149999999999999,1.71
0.2258661978385146,0,0.1129330989192573,0,-0.225866198,0,0,1.7249999999999996,1.7199999999999998
0.2219923182912937,0,0.11099615914564685,0,-0.221992318,0,0,1.7350000000000003,1.7300000000000004
0.21816306308494188,0,0.10908153154247094,0,-0.218163063,0,0,1.745,1.7400000000000002
0.21437842167995863,0,0.10718921083997932,0,-0.214378422,0,0,1.755,1.75
0.21063837045188905,0,0.10531918522594452,0,-0.21063837,0,0,1.7649999999999997,1.7599999999999998
0.2069428729276775,0,0.10347143646383875,0,-0.206942873,0,0,1.7750000000000004,1.7700000000000005
0.20329188002427875,0,0.10164594001213938,0,-0.20329188,0,0,1.7850000000000001,1.7800000000000002
0.19968533028934102,0,0.099842665,0,-0.19968533,0,0,1.795,1.79
0.19612315014378753,0,0.098061575,0,-0.19612315,0,0,1.8049999999999997,1.7999999999999998
0.19260525412611318,0,0.096302627,0,-0.192605254,0,0,1.8150000000000004,1.8100000000000005
0.18913154513822547,0,0.094565773,0,-0.189131545,0,0,1.8250000000000002,1.8200000000000003
0.1857019146926505,0,0.092850957,0,-0.185701915,0,0,1.835,1.83
0.18231624316093806,0,0.091158122,0,-0.182316243,0,0,1.8449999999999998,1.8399999999999999
0.17897440002309303,0,0.0894872,0,-0.1789744,0,0,1.8550000000000004,1.8500000000000005
0.1756762441178686,0,0.087838122,0,-0.175676244,0,0,1.8650000000000002,1.8600000000000003
0.17242162389375282,0,0.086210812,0,-0.172421624,0,0,1.875,1.87
0.16921037766049155,0,0.084605189,0,-0.169210378,0,0,1.8849999999999998,1.88
0.16604233384098563,0,0.083021167,0,-0.166042334,0,0,1.8949999999999996,1.8899999999999997
0.16291731122340516,0,0.081458656,0,-0.162917311,0,0,1.9050000000000002,1.9000000000000004
0.1598351192133699,0,0.07991756,0,-0.159835119,0,0,1.915,1.9100000000000001
0.15679555808603976,0,0.078397779,0,-0.156795558,0,0,1.9249999999999998,1.92
0.15379841923797302,0,0.07689921,0,-0.153798419,0,0,1.9349999999999996,1.9299999999999997
0.15084348543860243,0,0.075421743,0,-0.150843485,0,0,1.9450000000000003,1.9400000000000004
0.14793053108119072,0,0.073965266,0,-0.147930531,0,0,1.955,1.9500000000000002
0.14505932243312156,0,0.072529661,0,-0.145059322,0,0,1.9649999999999999,1.96
0.14222961788539545,0,0.071114809,0,-0.142229618,0,0,1.9749999999999996,1.9699999999999998
0.13944116820119398,0,0.069720584,0,-0.139441168,0,0,1.9850000000000003,1.9800000000000004
0.13669371676338504,0,0.068346858,0,-0.136693717,0,0,1.995,1.9900000000000002
0.13398699982083945,0,0.0669935,0,-0.133987,0,0,2.005,2
0.13132074673344035,0,0.065660373,0,-0.131320747,0,0,2.0149999999999997,2.01
0.12869468021566216,0,0.06434734,0,-0.12869468,0,0,2.0250000000000004,2.0200000000000005
0.1261085165786049,0,0.063054258,0,-0.126108517,0,0,2.035,2.0300000000000002
0.12356196597036799,0,0.061780982985183995,0,-0.123561966,0,0,2.045,2.04
0.12105473261465799,0,0.060527366307328995,0,-0.121054733,0,0,2.0549999999999997,2.05
0.11858651504752063,0,0.059293257523760315,0,-0.118586515,0,0,2.0650000000000004,2.0600000000000005
0.11615700635209683,0,0.058078503176048416,0,-0.116157006,0,0,2.075,2.0700000000000003
0.11376589439130051,0,0.056882947195650256,0,-0.113765894,0,0,2.085,2.08
0.1114128620383259,0,0.055706431,0,-0.111412862,0,0,2.0949999999999998,2.09
0.10909758740488941,0,0.054548793702444705,0,-0.109097587,0,0,2.1050000000000004,2.1000000000000005
0.10681974406711872,0,0.053409872,0,-0.106819744,0,0,2.115,2.1100000000000003
0.10457900128900145,0,0.052289500644500726,0,-0.104579001,0,0,2.125,2.12
0.1023750242433144,0,0.051187512,0,-0.102375024,0,0,2.135,2.13
0.10020747422995263,0,0.050103737114976316,0,-0.100207474,0,0,2.1450000000000005,2.1400000000000006
0.098076009,0,0.049038004,0,-0.098076009,0,0,2.1550000000000002,2.1500000000000004
0.095980282,0,0.047990141,0,-0.095980282,0,0,2.165,2.16
0.093919946,0,0.046959973,0,-0.093919946,0,0,2.175,2.17
0.091894647,0,0.045947323,0,-0.091894647,0,0,2.1849999999999996,2.1799999999999997
0.089904031,0,0.044952015,0,-0.089904031,0,0,2.1950000000000003,2.1900000000000004
0.08794774,0,0.043973870199955696,0,-0.08794774,0,0,2.205,2.2
0.086025415,0,0.043012708,0,-0.086025415,0,0,2.215,2.21
0.084136693,0,0.042068347,0,-0.084136693,0,0,2.2249999999999996,2.2199999999999998
0.082281211,0,0.041140605,0,-0.082281211,0,0,2.2350000000000003,2.2300000000000004
0.080458601,0,0.040229301,0,-0.080458601,0,0,2.245,2.24
0.078668497,0,0.039334248340545074,0,-0.078668497,0,0,2.255,2.25
0.076910529,0,0.038455264,0,-0.076910529,0,0,2.2649999999999997,2.26
0.075184326,0,0.037592163,0,-0.075184326,0,0,2.2750000000000004,2.2700000000000005
0.073489518,0,0.036744758822829154,0,-0.073489518,0,0,2.285,2.2800000000000002
0.071825731,0,0.035912865,0,-0.071825731,0,0,2.295,2.29
0.070192592,0,0.035096296,0,-0.070192592,0,0,2.3049999999999997,2.3
0.068589728,0,0.034294864,0,-0.068589728,0,0,2.3150000000000004,2.3100000000000005
0.067016763,0,0.033508381,0,-0.067016763,0,0,2.325,2.3200000000000003
0.065473323,0,0.032736662,0,-0.065473323,0,0,2.335,2.33
0.063959034,0,0.031979517,0,-0.063959034,0,0,2.3449999999999998,2.34
0.06247352,0,0.031236759750652886,0,-0.06247352,0,0,2.3550000000000004,2.3500000000000005
0.061016406,0,0.030508203,0,-0.061016406,0,0,2.365,2.3600000000000003
0.059587318761986086,0,0.029793659380993043,0,-0.059587319,0,0,2.375,2.37
0.058185884,0,0.029092942,0,-0.058185884,0,0,2.385,2.38
0.056811728,0,0.028405863877730354,0,-0.056811728,0,0,2.3950000000000005,2.3900000000000006
0.055464478,0,0.027732238977156546,0,-0.055464478,0,0,2.4050000000000002,2.4000000000000004
0.054143763,0,0.027071881289496384,0,-0.054143763,0,0,2.415,2.41
0.052849211,0,0.026424605389592595,0,-0.052849211,0,0,2.425,2.42
0.051580453,0,0.025790226,0,-0.051580453,0,0,2.4349999999999996,2.4299999999999997
0.050337120094483344,0,0.025168560047241672,0,-0.05033712,0,0,2.4450000000000003,2.4400000000000004
0.049118845,0,0.024559423,0,-0.049118845,0,0,2.455,2.45
0.047925263111389074,0,0.023962631555694537,0,-0.047925263,0,0,2.465,2.46
0.046756009,0,0.023378004,0,-0.046756009,0,0,2.4749999999999996,2.4699999999999998
0.045610720108156026,0,0.022805360054078013,0,-0.04561072,0,0,2.4850000000000003,2.4800000000000004
0.044489036,0,0.022244518048703286,0,-0.044489036,0,0,2.495,2.49
0.043390598,0,0.021695299,0,-0.043390598,0,0,2.505,2.5
0.042315048,0,0.021157524243548286,0,-0.042315048,0,0,2.5149999999999997,2.51
0.041262033,0,0.020631016,0,-0.041262033,0,0,2.5250000000000004,2.5200000000000005
0.040231199,0,0.020115599295533516,0,-0.040231199,0,0,2.535,2.5300000000000002
0.039222194742556976,0,0.019611097371278488,0,-0.039222195,0,0,2.545,2.54
0.038234673,0,0.019117336593598495,0,-0.038234673,0,0,2.5549999999999997,2.55
0.037268288,0,0.018634144,0,-0.037268288,0,0,2.5650000000000004,2.5600000000000005
0.036322696,0,0.018161347980549115,0,-0.036322696,0,0,2.575,2.5700000000000003
0.035397556,0,0.017698778013694787,0,-0.035397556,0,0,2.585,2.58
0.03449253,0,0.017246265,0,-0.03449253,0,0,2.5949999999999998,2.59
0.033607282,0,0.016803641,0,-0.033607282,0,0,2.6050000000000004,2.6000000000000005
0.03274148,0,0.01637074,0,-0.03274148,0,0,2.615,2.6100000000000003
0.031894793,0,0.015947397,0,-0.031894793,0,0,2.625,2.62
0.031066895,0,0.015533447440977614,0,-0.031066895,0,0,2.635,2.63
0.03025746,0,0.015128730201797174,0,-0.03025746,0,0,2.6450000000000005,2.6400000000000006
0.029466169,0,0.014733084312735765,0,-0.029466169,0,0,2.6550000000000002,2.6500000000000004
0.028692701261649033,0,0.014346350630824517,0,-0.028692701,0,0,2.665,2.66
0.027936743088624476,0,0.013968371544312238,0,-0.027936743,0,0,2.675,2.67
0.027197981989364458,0,0.013598990994682229,0,-0.027197982,0,0,2.6849999999999996,2.6799999999999997
0.026476108994647626,0,0.013238054497323813,0,-0.026476109,0,0,2.6950000000000003,2.6900000000000004
0.025770818321763894,0,0.012885409160881947,0,-0.025770818,0,0,2.705,2.7
0.025081807410615962,0,0.012540903705307981,0,-0.025081807,0,0,2.715,2.71
0.024408776957271932,0,0.012204388478635966,0,-0.024408777,0,0,2.7249999999999996,2.7199999999999998
0.023751430945016007,0,0.011875715472508003,0,-0.023751431,0,0,2.7350000000000003,2.7300000000000004
0.023109477,0,0.011554738,0,-0.023109477,0,0,2.745,2.74
0.022482625,0,0.011241312391084645,0,-0.022482625,0,0,2.755,2.75
0.021870589,0,0.010935294639818415,0,-0.021870589,0,0,2.7649999999999997,2.76
0.021273087559681558,0,0.010636543779840779,0,-0.021273088,0,0,2.7750000000000004,2.7700000000000005
0.020689840423294126,0,0.010344920211647063,0,-0.02068984,0,0,2.785,2.7800000000000002
0.020120572095195417,0,0.010060286047597709,0,-0.020120572,0,0,2.795,2.79
0.019565010238753823,0,0.009782505,0,-0.01956501,0,0,2.8049999999999997,2.8
0.019022885968796983,0,0.009511443,0,-0.019022886,0,0,2.8150000000000004,2.8100000000000005
0.018493933862369062,0,0.009246967,0,-0.018493934,0,0,2.825,2.8200000000000003
0.017977891967483048,0,0.008988946,0,-0.017977892,0,0,2.835,2.83
0.017474502,0,0.008737251,0,-0.017474502,0,0,2.8449999999999998,2.84
0.016983508,0,0.008491754,0,-0.016983508,0,0,2.8550000000000004,2.8500000000000005
0.01650466,0,0.00825233,0,-0.01650466,0,0,2.865,2.8600000000000003
0.016037709,0,0.008018855,0,-0.016037709,0,0,2.875,2.87
0.015582411012979464,0,0.007791206,0,-0.015582411,0,0,2.885,2.88
0.015138524390842954,0,0.007569262,0,-0.015138524,0,0,2.8950000000000005,2.8900000000000006
0.014705811840994138,0,0.007352906,0,-0.014705812,0,0,2.9050000000000002,2.9000000000000004
0.014284039270340053,0,0.00714202,0,-0.014284039,0,0,2.915,2.91
0.013872976053607142,0,0.006936488,0,-0.013872976,0,0,2.925,2.92
0.013472395024799086,0,0.006736198,0,-0.013472395,0,0,2.9349999999999996,2.9299999999999997
0.013082072467195551,0,0.006541036,0,-0.013082072,0,0,2.9450000000000003,2.9400000000000004
0.012701788101939886,0,0.006350894,0,-0.012701788,0,0,2.955,2.95
0.012331325075262772,0,0.006165663,0,-0.012331325,0,0,2.965,2.96
0.011970469944389522,0,0.005985235,0,-0.01197047,0,0,2.9749999999999996,2.9699999999999998
0.011619012662177115,0,0.005809506,0,-0.011619013,0,0,2.9850000000000003,2.9800000000000004
0.011276746560527547,0,0.005638373,0,-0.011276747,0,0,2.995,2.99
0.010943468332622466,0,0.005471734,0,-0.010943468,0,0,3.005,3
0.010618978,0,0.005309489,0,-0.010618978,0,0,3.0149999999999997,3.01
0.010303078962692457,0,0.005151539,0,-0.010303079,0,0,3.0250000000000004,3.0200000000000005
0.009995578,0,0.004997789,0,-0.009995578,0,0,3.035,3.0300000000000002
0.009696285,0,0.004848142,0,-0.009696285,0,0,3.045,3.04
0.009405012,0,0.004702506,0,-0.009405012,0,0,3.0549999999999997,3.05
0.009121578,0,0.004560789,0,-0.009121578,0,0,3.0650000000000004,3.0600000000000005
0.0088458,0,0.0044229,0,-0.0088458,0,0,3.075,3.0700000000000003
0.008577502,0,0.004288751,0,-0.008577502,0,0,3.085,3.08
0.008316511,0,0.004158255,0,-0.008316511,0,0,3.0949999999999998,3.09
0.008062654,0,0.004031327,0,-0.008062654,0,0,3.1050000000000004,3.1000000000000005
0.007815764,0,0.003907882,0,-0.007815764,0,0,3.115,3.1100000000000003
0.007575677,0,0.003787839,0,-0.007575677,0,0,3.125,3.12
0.007342231,0,0.003671116,0,-0.007342231,0,0,3.135,3.13
0.007115267,0,0.003557634,0,-0.007115267,0,0,3.1450000000000005,3.1400000000000006
0.00689463,0,0.003447315,0,-0.00689463,0,0,3.1550000000000002,3.1500000000000004
0.006680166,0,0.003340083,0,-0.006680166,0,0,3.165,3.16
0.006471726,0,0.003235863,0,-0.006471726,0,0,3.175,3.17
0.006269163,0,0.003134581,0,-0.006269163,0,0,3.1849999999999996,3.1799999999999997
0.006072332,0,0.003036166,0,-0.006072332,0,0,3.1950000000000003,3.1900000000000004
0.005881094,0,0.002940547,0,-0.005881094,0,0,3.205,3.2
0.005695309,0,0.002847654,0,-0.005695309,0,0,3.215,3.21
0.005514841,0,0.00275742,0,-0.005514841,0,0,3.2249999999999996,3.2199999999999998
0.005339557,0,0.002669779,0,-0.005339557,0,0,3.2350000000000003,3.2300000000000004
0.005169328,0,0.002584664,0,-0.005169328,0,0,3.245,3.24
0.005004026,0,0.002502013,0,-0.005004026,0,0,3.255,3.25
0.004843525,0,0.002421763,0,-0.004843525,0,0,3.2649999999999997,3.26
0.004687703,0,0.002343852,0,-0.004687703,0,0,3.2750000000000004,3.2700000000000005
0.004536441,0,0.00226822,0,-0.004536441,0,0,3.285,3.2800000000000002
0.004389621,0,0.00219481,0,-0.004389621,0,0,3.295,3.29
0.004247127,0,0.002123564,0,-0.004247127,0,0,3.3049999999999997,3.3
0.004108848,0,0.002054424,0,-0.004108848,0,0,3.3150000000000004,3.3100000000000005
0.003974674,0,0.001987337,0,-0.003974674,0,0,3.325,3.3200000000000003
0.003844497,0,0.001922249,0,-0.003844497,0,0,3.335,3.33
0.003718212,0,0.001859106,0,-0.003718212,0,0,3.3449999999999998,3.34
0.003595715,0,0.001797857,0,-0.003595715,0,0,3.3550000000000004,3.3500000000000005
0.003476906,0,0.001738453,0,-0.003476906,0,0,3.365,3.3600000000000003
0.003361686,0,0.001680843,0,-0.003361686,0,0,3.375,3.37
0.00324996,0,0.00162498,0,-0.00324996,0,0,3.385,3.38
0.003141633,0,0.001570817,0,-0.003141633,0,0,3.3950000000000005,3.3900000000000006
0.003036613,0,0.001518307,0,-0.003036613,0,0,3.4050000000000002,3.4000000000000004
0.00293481,0,0.001467405,0,-0.00293481,0,0,3.415,3.41
0.002836137,0,0.001418068,0,-0.002836137,0,0,3.425,3.42
0.002740507,0,0.001370253,0,-0.002740507,0,0,3.4349999999999996,3.4299999999999997
0.002647836,0,0.001323918,0,-0.002647836,0,0,3.4450000000000003,3.4400000000000004
0.002558044,0,0.001279022,0,-0.002558044,0,0,3.455,3.45
0.002471049,0,0.001235525,0,-0.002471049,0,0,3.465,3.46
0.002386774,0,0.001193387,0,-0.002386774,0,0,3.4749999999999996,3.4699999999999998
0.002305143,0,0.001152572,0,-0.002305143,0,0,3.4850000000000003,3.4800000000000004
0.002226081,0,0.001113041,0,-0.002226081,0,0,3.495,3.49
0.002149516,0,0.001074758,0,-0.002149516,0,0,3.505,3.5
0.002075377,0,0.001037688,0,-0.002075377,0,0,3.5149999999999997,3.51
0.002003594,0,0.001001797,0,-0.002003594,0,0,3.5250000000000004,3.5200000000000005
0.001934101,0,0.000967051,0,-0.001934101,0,0,3.535,3.5300000000000002
0.001866832,0,0.000933416,0,-0.001866832,0,0,3.545,3.54
0.001801722,0,0.000900861,0,-0.001801722,0,0,3.5549999999999997,3.55
0.001738709,0,0.000869354,0,-0.001738709,0,0,3.5650000000000004,3.5600000000000005
0.001677732,0,0.000838866,0,-0.001677732,0,0,3.575,3.5700000000000003
0.001618731,0,0.000809366,0,-0.001618731,0,0,3.585,3.58
0.00156165,0,0.000780825,0,-0.00156165,0,0,3.5949999999999998,3.59
0.00150643,0,0.000753215,0,-0.00150643,0,0,3.6050000000000004,3.6000000000000005
0.001453018,0,0.000726509,0,-0.001453018,0,0,3.615,3.6100000000000003
0.001401359,0,0.00070068,0,-0.001401359,0,0,3.625,3.62
0.001351402,0,0.000675701,0,-0.001351402,0,0,3.635,3.63
0.001303096,0,0.000651548,0,-0.001303096,0,0,3.6450000000000005,3.6400000000000006
0.00125639,0,0.000628195,0,-0.00125639,0,0,3.6550000000000002,3.6500000000000004
0.001211238,0,0.000605619,0,-0.001211238,0,0,3.665,3.66
0.001167591,0,0.000583796,0,-0.001167591,0,0,3.675,3.67
0.001125405,0,0.000562702,0,-0.001125405,0,0,3.6849999999999996,3.6799999999999997
0.001084634,0,0.000542317,0,-0.001084634,0,0,3.6950000000000003,3.6900000000000004
0.001045236,0,0.000522618,0,-0.001045236,0,0,3.705,3.7
0.001007168,0,0.000503584,0,-0.001007168,0,0,3.715,3.71
0.00097039,0,0.000485195,0,-0.00097039,0,0,3.7249999999999996,3.7199999999999998
0.000934861,0,0.000467431,0,-0.000934861,0,0,3.7350000000000003,3.7300000000000004
0.000900543,0,0.000450272,0,-0.000900543,0,0,3.745,3.74
0.000867398,0,0.000433699,0,-0.000867398,0,0,3.755,3.75
0.000835389,0,0.000417695,0,-0.000835389,0,0,3.7649999999999997,3.76
0.000804482,0,0.000402241,0,-0.000804482,0,0,3.7750000000000004,3.7700000000000005
0.00077464,0,0.00038732,0,-0.00077464,0,0,3.785,3.7800000000000002
0.00074583,0,0.000372915,0,-0.00074583,0,0,3.795,3.79
0.00071802,0,0.00035901,0,-0.00071802,0,0,3.8049999999999997,3.8
0.000691178,0,0.000345589,0,-0.000691178,0,0,3.8150000000000004,3.8100000000000005
0.000665273,0,0.000332637,0,-0.000665273,0,0,3.825,3.8200000000000003
0.000640275,0,0.000320138,0,-0.000640275,0,0,3.835,3.83
0.000616155,0,0.000308077,0,-0.000616155,0,0,3.8449999999999998,3.84
0.000592884,0,0.000296442,0,-0.000592884,0,0,3.8550000000000004,3.8500000000000005
0.000570434,0,0.000285217,0,-0.000570434,0,0,3.865,3.8600000000000003
0.00054878,0,0.00027439,0,-0.00054878,0,0,3.875,3.87
0.000527895,0,0.000263948,0,-0.000527895,0,0,3.885,3.88
0.000507754,0,0.000253877,0,-0.000507754,0,0,3.8950000000000005,3.8900000000000006
0.000488333,0,0.000244167,0,-0.000488333,0,0,3.9050000000000002,3.9000000000000004
0.000469608,0,0.000234804,0,-0.000469608,0,0,3.915,3.91
0.000451555,0,0.000225778,0,-0.000451555,0,0,3.925,3.92
0.000434153,0,0.000217077,0,-0.000434153,0,0,3.9350000000000005,3.9300000000000006
0.00041738,0,0.00020869,0,-0.00041738,0,0,3.9450000000000003,3.9400000000000004
0.000401215,0,0.000200608,0,-0.000401215,0,0,3.955,3.95
0.000385638,0,0.000192819,0,-0.000385638,0,0,3.965,3.96
0.000370628,0,0.000185314,0,-0.000370628,0,0,3.9749999999999996,3.9699999999999998
0.000356166,0,0.000178083,0,-0.000356166,0,0,3.9850000000000003,3.9800000000000004
0.000342235,0,0.000171118,0,-0.000342235,0,0,3.995,3.99
0.000328816,0,0.000164408,0,-0.000328816,0,0,4.005,4
0.000315891,0,0.000157946,0,-0.000315891,0,0,4.015000000000001,4.010000000000001
0.000303444,0,0.000151722,0,-0.000303444,0,0,4.025,4.0200000000000005